id,x,y,z,prob
1,49.5,-112.5,-182.25,0.99999726
2,-89.5,-107.5,-221.25,0.9991619
3,69.5,-110.5,-186.25,0.9931581
4,-97.5,-133.5,-210.25,0.98180264
5,71.5,-105.5,-217.25,0.7824641
6,64.5,-101.5,-225.25,0.6420326
