id,x,y,z,prob
1,80.5,-107.5,-211.25,0.9999971
2,39.5,-96.5,-126.25,0.9835738
3,-60.5,-109.5,-164.25,0.9741581
4,76.5,-164.5,-154.25,0.91430676
5,48.5,-136.5,-112.25,0.50352556
