id,x,y,z,prob
1,-9.5,-101.5,-173.75,0.9998358
2,-15.5,-153.5,-182.75,0.99978983
3,-33.5,-132.5,-169.75,0.98949444
4,-11.5,-134.5,-185.75,0.97454214
5,-10.5,-142.5,-141.75,0.80235
6,99.5,-146.5,-140.75,0.5842538
