id,x,y,z,prob
1,46.5,-97.5,-169.25,0.99999976
2,-63.5,-94.5,-204.25,0.99995744
3,58.5,-103.5,-192.25,0.999956
4,-79.5,-135.5,-200.25,0.9999267
5,-47.5,-152.5,-166.25,0.9999219
6,77.5,-100.5,-214.25,0.99969983
7,56.5,-114.5,-159.25,0.67849505
8,-84.5,-122.5,-187.25,0.6014602
