id,x,y,z,prob
1,21.5,-167.5,-93.75,0.99999845
2,37.5,-187.5,-115.75,0.9999692
3,-61.5,-145.5,-113.75,0.99995947
4,-83.5,-146.5,-143.75,0.99994946
5,63.5,-97.5,-192.75,0.9999422
6,34.5,-97.5,-169.75,0.9982842
7,-72.5,-146.5,-92.75,0.68437386
8,-85.5,-155.5,-168.75,0.6614911
