id,x,y,z,prob
1,61.0,-148.0,-149.0,0.9999972
2,-41.0,-144.0,-145.0,0.9999958
3,-30.0,-148.0,-100.0,0.99994564
4,81.0,-148.0,-205.0,0.99411696
5,63.0,-130.0,-202.0,0.9927297
6,-31.0,-138.0,-192.0,0.9818741
7,-53.0,-112.0,-219.0,0.949011
8,-37.0,-110.0,-145.0,0.7924689
9,64.0,-189.0,-156.0,0.6830965
10,-53.0,-173.0,-154.0,0.62148607
11,71.0,-201.0,-164.0,0.56852335
12,-37.0,-123.0,-188.0,0.5110863
