id,x,y,z,prob
1,-12.5,-155.5,-179.75,0.999992
2,-32.5,-133.5,-169.75,0.9708117
3,-10.5,-134.5,-185.75,0.9681108
4,101.5,-156.5,-171.75,0.8881483
5,123.5,-132.5,-216.75,0.68484485
6,92.5,-133.5,-161.75,0.6434784
7,99.5,-146.5,-140.75,0.57878554
8,-6.5,-112.5,-194.75,0.5218849
