id,x,y,z,prob
1,-46.50000000000003,-176.50000000000003,-142.5,0.96047866
2,-39.50000000000003,-137.50000000000003,-119.5,0.8834916
3,69.49999999999994,-129.50000000000003,-189.5,0.75618845
4,-62.50000000000003,-149.50000000000003,-139.5,0.7089605
5,-39.50000000000003,-105.50000000000003,-153.5,0.6416592
6,51.49999999999997,-131.50000000000003,-158.5,0.62650335
