id,x,y,z,prob
1,-49.5,-130.5,-155.25,0.9999922
2,-33.5,-160.5,-119.25,0.9999587
3,-35.5,-95.5,-153.25,0.99984515
4,-24.5,-106.5,-162.25,0.99930423
5,-51.5,-106.5,-169.25,0.9992772
6,-37.5,-153.5,-137.25,0.9837563
7,-25.5,-140.5,-149.25,0.98225737
8,-36.5,-144.5,-115.25,0.95695573
9,-45.5,-120.5,-98.25,0.93260974
10,74.5,-157.5,-101.25,0.8800189
11,-47.5,-153.5,-163.25,0.8118371
12,-23.5,-117.5,-112.25,0.6687162
13,-35.5,-131.5,-129.25,0.5485386
