id,x,y,z,prob
1,32.5,-91.5,-27.75,0.9999489
2,-74.5,-120.5,-46.75,0.9999457
3,-56.5,-109.5,-2.75,0.99942416
4,48.5,-94.5,-77.75,0.9839727
5,-73.5,-89.5,-61.75,0.9111843
6,-73.5,-147.5,-52.75,0.7591838
7,-101.5,-95.5,-82.75,0.70017326
8,18.5,-53.5,-54.75,0.53081053
9,33.5,-96.5,-63.75,0.52153206
