id,x,y,z,prob
1,40.5,-117.5,-162.25,0.9999997
2,-90.5,-107.5,-222.25,0.99988914
3,69.5,-110.5,-186.25,0.99702245
4,-108.5,-130.5,-214.25,0.9969824
5,64.5,-108.5,-211.25,0.9859458
6,63.5,-101.5,-225.25,0.75866765
7,38.5,-104.5,-225.25,0.5724401
