id,x,y,z,prob
1,47.0,-123.0,-309.25,0.9999996
2,-53.0,-137.0,-307.25,0.9999992
3,-86.0,-119.0,-401.25,0.99999034
4,-74.0,-141.0,-399.25,0.9999738
5,-51.0,-169.0,-290.25,0.9991459
6,-68.0,-196.0,-342.25,0.99885917
7,-66.0,-104.0,-428.25,0.997764
8,-52.0,-131.0,-423.25,0.9866835
9,-76.0,-125.0,-333.25,0.9771336
10,-53.0,-168.0,-375.25,0.94441754
11,74.0,-162.0,-355.25,0.82007414
12,-68.0,-112.0,-418.25,0.6435387
