id,x,y,z,prob
1,49.5,-85.5,-199.25,0.9995928
2,-47.5,-121.5,-167.25,0.9980419
3,-54.5,-120.5,-184.25,0.99274826
4,-61.5,-138.5,-181.25,0.97629094
5,-86.5,-147.5,-190.25,0.8593564
6,73.5,-104.5,-201.25,0.66508716
7,45.5,-91.5,-178.25,0.6508273
