id,x,y,z,prob
1,-43.5,-103.5,-273.25,0.99074167
2,-38.5,-131.5,-202.25,0.73803014
3,51.5,-132.5,-261.25,0.6723214
4,-47.5,-127.5,-258.25,0.52262366
