id,x,y,z,prob
1,-41.0,-145.0,-124.5,0.9999997
2,37.0,-113.0,-118.5,0.9999996
3,-70.0,-159.0,-138.5,0.9999836
4,51.0,-95.0,-175.5,0.9997532
5,35.0,-92.0,-130.5,0.9997462
6,38.0,-106.0,-107.5,0.9929777
7,57.0,-103.0,-98.5,0.9923437
8,-50.0,-184.0,-154.5,0.97570723
9,35.0,-97.0,-117.5,0.9746345
10,-46.0,-168.0,-152.5,0.772523
