id,x,y,z,prob
1,46.5,-97.5,-169.25,0.9999999
2,53.5,-100.5,-184.25,0.99999744
3,-62.5,-93.5,-206.25,0.99998987
4,-80.5,-135.5,-201.25,0.9998769
5,77.5,-100.5,-214.25,0.9997912
6,-47.5,-151.5,-165.25,0.9994988
7,55.5,-114.5,-159.25,0.8069074
8,33.5,-78.5,-179.25,0.55392295
