id,x,y,z,prob
1,-73.0,-167.0,-195.25,0.9999993
2,-40.0,-198.0,-177.25,0.99999267
3,-37.0,-115.0,-263.25,0.999767
4,50.0,-116.0,-272.25,0.9994893
5,-54.0,-96.0,-221.25,0.9958331
6,-40.0,-109.0,-277.25,0.96683294
7,61.0,-56.0,-250.25,0.8231406
8,-85.0,-137.0,-269.25,0.6466436
9,58.0,-72.0,-274.25,0.54853
10,-57.0,-158.0,-224.25,0.53909194
