id,x,y,z,prob
1,-43.0,-148.0,-145.0,0.99999917
2,62.0,-149.0,-150.0,0.9999969
3,-31.0,-150.0,-99.0,0.9999558
4,82.0,-148.0,-205.0,0.9923015
5,-30.0,-139.0,-191.0,0.9918289
6,64.0,-130.0,-202.0,0.98375434
7,-53.0,-112.0,-218.0,0.9723728
8,-37.0,-109.0,-144.0,0.7715298
9,-53.0,-174.0,-153.0,0.59610915
10,63.0,-186.0,-153.0,0.55934286
11,-46.0,-123.0,-210.0,0.5029983
