id,x,y,z,prob
1,52.0,-184.0,-321.25,0.9999972
2,-58.0,-198.0,-316.25,0.999997
3,-67.0,-196.0,-342.25,0.99994373
4,-84.0,-119.0,-401.25,0.9997167
5,-44.0,-144.0,-412.25,0.9902183
6,-51.0,-169.0,-290.25,0.98911434
7,-67.0,-104.0,-427.25,0.97810745
8,-75.0,-127.0,-333.25,0.97254384
9,74.0,-162.0,-355.25,0.7606724
10,-63.0,-177.0,-377.25,0.75973016
11,-58.0,-168.0,-367.25,0.6080277
12,-59.0,-131.0,-356.25,0.5924581
13,-56.0,-175.0,-283.25,0.5200847
