id,x,y,z,prob
1,51.5,-109.5,-184.25,0.99999905
2,-49.5,-123.5,-194.25,0.9999975
3,-59.5,-112.5,-164.25,0.9999897
4,-51.5,-130.5,-149.25,0.99933887
5,69.5,-145.5,-177.25,0.9981865
6,-69.5,-85.5,-243.25,0.99437106
7,-80.5,-107.5,-227.25,0.50271136
