id,x,y,z,prob
1,51.5,-85.5,-200.25,0.99994904
2,-47.5,-121.5,-166.25,0.9999238
3,-53.5,-120.5,-184.25,0.9972469
4,-61.5,-138.5,-181.25,0.97448605
5,-86.5,-147.5,-190.25,0.9693201
6,44.5,-91.5,-177.25,0.96245795
7,72.5,-112.5,-188.25,0.76749986
8,72.5,-104.5,-200.25,0.65145445
9,-73.5,-110.5,-194.25,0.5119995
