id,x,y,z,prob
1,-43.5,-103.5,-273.25,0.98704195
2,-45.5,-125.5,-257.25,0.6428558
3,-38.5,-131.5,-202.25,0.57723385
