id,x,y,z,prob
1,-46.50000000000003,-176.50000000000003,-142.5,0.92273414
2,-40.50000000000003,-138.50000000000003,-119.5,0.5323738
3,-37.50000000000003,-110.50000000000003,-155.5,0.5306685
4,-36.50000000000003,-168.50000000000003,-176.5,0.5190898
