id,x,y,z,prob
1,-41.0,-147.0,-126.5,0.99999857
2,36.0,-113.0,-117.5,0.99999624
3,52.0,-96.0,-172.5,0.99973625
4,-70.0,-159.0,-138.5,0.9995494
5,35.0,-92.0,-130.5,0.9977745
6,57.0,-102.0,-98.5,0.94866985
7,-50.0,-182.0,-154.5,0.90088004
8,37.0,-106.0,-107.5,0.8479531
9,35.0,-97.0,-117.5,0.72428507
10,-42.0,-124.0,-90.5,0.5494902
