id,x,y,z,prob
1,-65.5,-96.5,-60.75,0.9935146
2,66.5,-123.5,-131.75,0.7771812
3,59.5,-98.5,-124.75,0.5640375
4,-63.5,-103.5,-211.75,0.5558197
5,-73.5,-99.5,-69.75,0.51250315
