id,x,y,z,prob
1,-73.0,-168.0,-195.25,0.9999994
2,-40.0,-199.0,-178.25,0.9999994
3,-37.0,-113.0,-265.25,0.993343
4,-54.0,-96.0,-221.25,0.96990556
5,50.0,-116.0,-272.25,0.9496263
6,-85.0,-138.0,-269.25,0.8889926
7,-40.0,-108.0,-277.25,0.8642852
8,49.0,-111.0,-283.25,0.8524032
9,-10.0,-178.0,-115.25,0.56617665
10,61.0,-55.0,-250.25,0.5529574
11,45.0,-102.0,-278.25,0.51121366
