id,x,y,z,prob
1,79.5,-107.5,-211.25,0.9999414
2,-60.5,-109.5,-165.25,0.97690856
3,39.5,-96.5,-126.25,0.9594374
4,76.5,-165.5,-154.25,0.5652156
