id,x,y,z,prob
1,62.0,-150.0,-151.0,0.99999976
2,-44.0,-149.0,-145.0,0.9999995
3,-30.0,-148.0,-99.0,0.9999987
4,63.0,-130.0,-202.0,0.99892575
5,-31.0,-138.0,-193.0,0.9898081
6,-54.0,-110.0,-220.0,0.988087
7,83.0,-148.0,-206.0,0.9181557
8,-37.0,-110.0,-145.0,0.83808666
9,63.0,-188.0,-155.0,0.68157434
10,71.0,-200.0,-163.0,0.5682335
11,-53.0,-173.0,-154.0,0.54087013
12,-36.0,-135.0,-161.0,0.51609045
