id,x,y,z,prob
1,52.5,-109.5,-185.25,0.99999976
2,-49.5,-124.5,-194.25,0.99999946
3,-59.5,-112.5,-164.25,0.999996
4,-39.5,-118.5,-141.25,0.99998665
5,70.5,-145.5,-177.25,0.99821526
6,-68.5,-86.5,-241.25,0.9964161
