id,x,y,z,prob
1,-38.50000000000003,-138.50000000000003,-119.5,0.99593323
2,-31.50000000000003,-147.50000000000003,-140.5,0.9957711
3,58.49999999999997,-132.50000000000003,-158.5,0.9929815
4,-46.50000000000003,-175.50000000000003,-142.5,0.9724126
5,-37.50000000000003,-110.50000000000003,-155.5,0.6831139
