id,x,y,z,prob
1,39.5,-110.5,-153.25,0.99999636
2,-90.5,-107.5,-222.25,0.99974114
3,-108.5,-130.5,-214.25,0.99817705
4,69.5,-110.5,-185.25,0.9939629
5,64.5,-108.5,-211.25,0.88652724
6,63.5,-101.5,-225.25,0.6201495
7,56.5,-107.5,-218.25,0.6027688
