id,x,y,z,prob
1,80.5,-108.5,-211.25,0.99998087
2,39.5,-96.5,-127.25,0.9804251
3,-61.5,-110.5,-164.25,0.9046991
4,76.5,-165.5,-154.25,0.81472546
5,-96.5,-159.5,-102.25,0.56194264
6,-71.5,-131.5,-204.25,0.54002064
7,-81.5,-107.5,-217.25,0.5188352
