id,x,y,z,prob
1,-53.0,-137.0,-308.25,0.9999958
2,52.0,-184.0,-322.25,0.9999933
3,-68.0,-197.0,-343.25,0.99995303
4,-85.0,-119.0,-402.25,0.9999113
5,-75.0,-141.0,-400.25,0.99991095
6,-100.0,-116.0,-415.25,0.9979741
7,-67.0,-104.0,-426.25,0.997174
8,-52.0,-169.0,-289.25,0.9929028
9,-45.0,-143.0,-413.25,0.97191966
10,-75.0,-127.0,-333.25,0.96584886
11,74.0,-162.0,-355.25,0.8722826
12,-57.0,-172.0,-375.25,0.5438034
