id,x,y,z,prob
1,-47.5,-121.5,-167.25,0.9998701
2,-53.5,-120.5,-184.25,0.99914795
3,49.5,-85.5,-199.25,0.9947641
4,-86.5,-147.5,-190.25,0.9596334
5,-61.5,-138.5,-181.25,0.887526
6,71.5,-112.5,-188.25,0.8457294
7,72.5,-104.5,-200.25,0.78986347
8,46.5,-91.5,-178.25,0.66204286
