id,x,y,z,prob
1,-43.5,-103.5,-273.25,0.9873971
2,-38.5,-130.5,-201.25,0.60421014
3,83.5,-155.5,-166.25,0.58578855
4,-52.5,-151.5,-211.25,0.524306
5,-44.5,-127.5,-257.25,0.5078917
