id,x,y,z,prob
1,-63.5,-97.5,-57.75,0.8531369
2,52.5,-106.5,-87.75,0.77728355
3,-72.5,-99.5,-63.75,0.7299487
4,59.5,-98.5,-124.75,0.67735356
5,-36.5,-123.5,-117.75,0.5469087
