id,x,y,z,prob
1,46.5,-97.5,-168.25,0.9999912
2,53.5,-100.5,-184.25,0.9999885
3,77.5,-100.5,-214.25,0.9999685
4,-47.5,-152.5,-166.25,0.999866
5,-78.5,-134.5,-200.25,0.9998324
6,-62.5,-94.5,-206.25,0.99980026
7,53.5,-131.5,-154.25,0.68982214
8,-84.5,-122.5,-187.25,0.60284424
