id,x,y,z,prob
1,-73.0,-168.0,-195.25,0.9999993
2,-40.0,-198.0,-178.25,0.99999917
3,-54.0,-96.0,-221.25,0.99728674
4,-38.0,-114.0,-264.25,0.9931587
5,-40.0,-109.0,-277.25,0.8098907
6,49.0,-117.0,-272.25,0.76192546
7,-86.0,-138.0,-269.25,0.61218584
8,49.0,-111.0,-283.25,0.57128334
