id,x,y,z,prob
1,33.5,-105.5,-116.75,0.99999595
2,37.5,-187.5,-115.75,0.9999901
3,-86.5,-153.5,-145.75,0.99998724
4,64.5,-97.5,-192.75,0.99994165
5,-62.5,-121.5,-94.75,0.99990755
6,34.5,-97.5,-169.75,0.9653245
7,49.5,-156.5,-128.75,0.84019876
8,38.5,-94.5,-126.75,0.74468416
